<?xml version="1.0" encoding="UTF-8"?>

<ejb-jar xmlns="http://java.sun.com/xml/ns/j2ee" xmlns:xsi="http://www.w3.org/2001/XMLSchema-instance" xsi:schemaLocation="http://java.sun.com/xml/ns/j2ee http://java.sun.com/xml/ns/j2ee/ejb-jar_2_1.xsd http://java.sun.com/xml/ns/j2ee/j2ee_1_4.xsd http://java.sun.com/xml/ns/j2ee/j2ee_web_services_client_1_1.xsd" version="2.1" id="EJBJar_cmsejb">

	<enterprise-beans>
		<session id="KomEvents">
			<ejb-name>KomEvents</ejb-name>
			<home>KomEvents.KomEventsBEAN_HOME_INTF</home>
			<remote>KomEvents.KomEventsBEAN_INTF</remote>
			<local-home>KomEvents.KomEventsBEAN_LOCAL_HOME_INTF</local-home>
			<local>KomEvents.KomEventsBEAN_LOCAL_INTF</local>
			<ejb-class>KomEvents.KomEventsBEAN</ejb-class>
			<session-type>Stateless</session-type>
			<transaction-type>Container</transaction-type>
			<env-entry>
				<env-entry-name>mastercraft.ejb.enablePrint</env-entry-name>
				<env-entry-type>java.lang.String</env-entry-type>
				<env-entry-value>Y</env-entry-value>
			</env-entry>
			<env-entry>
				<env-entry-name>mastercraft.ejb.datadirectory</env-entry-name>
				<env-entry-type>java.lang.String</env-entry-type>
				<env-entry-value>DATA_DIR_XYZ</env-entry-value>
			</env-entry>
			<env-entry>
				<env-entry-name>mastercraft.ejb.ErrMsgFile</env-entry-name>
				<env-entry-type>java.lang.String</env-entry-type>
				<env-entry-value>DATA_DIR_XYZ/ShortErrorList</env-entry-value>
			</env-entry>
			<env-entry>
				<env-entry-name>MasterCraft.DBSchema</env-entry-name>
				<env-entry-type>java.lang.String</env-entry-type>
				<env-entry-value>SCHEMA_NAME_XYZ</env-entry-value>
			</env-entry>
			<env-entry>
				<description>
				</description>
				<env-entry-name>WebServiceProperties</env-entry-name>
				<env-entry-type>java.lang.String</env-entry-type>
				<env-entry-value>DATA_DIR_XYZ/WebServiceProperties.properties</env-entry-value>
			</env-entry>
			<ejb-local-ref id="EJBLocalRef_KomEvents_to_KomEvents">
				<ejb-ref-name>ejb/LocalKomEvents</ejb-ref-name>
				<ejb-ref-type>Session</ejb-ref-type>
				<local-home>KomEvents.KomEventsBEAN_LOCAL_HOME_INTF</local-home>
				<local>KomEvents.KomEventsBEAN_LOCAL_INTF</local>
				<ejb-link>KomEvents</ejb-link>
			</ejb-local-ref>
			<ejb-local-ref id="EJBLocalRef_KomEvents_to_KomEventsRef">
				<ejb-ref-name>ejb/LocalKomEventsRef</ejb-ref-name>
				<ejb-ref-type>Session</ejb-ref-type>
				<local-home>KomEventsRef.KomEventsRefBEAN_LOCAL_HOME_INTF</local-home>
				<local>KomEventsRef.KomEventsRefBEAN_LOCAL_INTF</local>
				<ejb-link>KomEventsRef</ejb-link>
			</ejb-local-ref>
			<ejb-local-ref id="EJBLocalRef_KomEvents_to_KomEventsRules">
				<ejb-ref-name>ejb/LocalKomEventsRules</ejb-ref-name>
				<ejb-ref-type>Session</ejb-ref-type>
				<local-home>KomEventsRules.KomEventsRulesBEAN_LOCAL_HOME_INTF</local-home>
				<local>KomEventsRules.KomEventsRulesBEAN_LOCAL_INTF</local>
				<ejb-link>KomEventsRules</ejb-link>
			</ejb-local-ref>
			<ejb-local-ref id="EJBLocalRef_KomEvents_to_KomSecurity">
				<ejb-ref-name>ejb/LocalKomSecurity</ejb-ref-name>
				<ejb-ref-type>Session</ejb-ref-type>
				<local-home>KomSecurity.KomSecurityBEAN_LOCAL_HOME_INTF</local-home>
				<local>KomSecurity.KomSecurityBEAN_LOCAL_INTF</local>
				<ejb-link>KomSecurity</ejb-link>
			</ejb-local-ref>
			<resource-ref id="ResourceRef_KomEvents_to_CMSDataSource">
				<res-ref-name>jdbc/MCDataSource</res-ref-name>
				<res-type>javax.sql.DataSource</res-type>
				<res-auth>Container</res-auth>
			</resource-ref>
			<resource-ref id="ResourceRef_KomEvents_to_ConfigPropertiesURL">
				<description>
				</description>
				<res-ref-name>url/mcappkom/ConfigPropertiesURL</res-ref-name>
				<res-type>java.net.URL</res-type>
				<res-auth>Container</res-auth>
				<res-sharing-scope>Shareable</res-sharing-scope>
			</resource-ref>
		</session>

		<session id="KomEventsRef">
			<ejb-name>KomEventsRef</ejb-name>
			<home>KomEventsRef.KomEventsRefBEAN_HOME_INTF</home>
			<remote>KomEventsRef.KomEventsRefBEAN_INTF</remote>
			<local-home>KomEventsRef.KomEventsRefBEAN_LOCAL_HOME_INTF</local-home>
			<local>KomEventsRef.KomEventsRefBEAN_LOCAL_INTF</local>
			<ejb-class>KomEventsRef.KomEventsRefBEAN</ejb-class>
			<session-type>Stateless</session-type>
			<transaction-type>Container</transaction-type>
			<env-entry>
				<env-entry-name>mastercraft.ejb.enablePrint</env-entry-name>
				<env-entry-type>java.lang.String</env-entry-type>
				<env-entry-value>Y</env-entry-value>
			</env-entry>
			<env-entry>
				<env-entry-name>mastercraft.ejb.datadirectory</env-entry-name>
				<env-entry-type>java.lang.String</env-entry-type>
				<env-entry-value>DATA_DIR_XYZ</env-entry-value>
			</env-entry>
			<env-entry>
				<env-entry-name>mastercraft.ejb.ErrMsgFile</env-entry-name>
				<env-entry-type>java.lang.String</env-entry-type>
				<env-entry-value>DATA_DIR_XYZ/ShortErrorList</env-entry-value>
			</env-entry>
			<env-entry>
				<env-entry-name>MasterCraft.DBSchema</env-entry-name>
				<env-entry-type>java.lang.String</env-entry-type>
				<env-entry-value>SCHEMA_NAME_XYZ</env-entry-value>
			</env-entry>
			<resource-ref id="ResourceRef_KomEventsRef_to_CMSDataSource">
				<res-ref-name>jdbc/MCDataSource</res-ref-name>
				<res-type>javax.sql.DataSource</res-type>
				<res-auth>Container</res-auth>
			</resource-ref>
			<resource-ref id="ResourceRef_KomEventsRef_to_ConfigPropertiesURL">
				<description>
				</description>
				<res-ref-name>url/mcappkom/ConfigPropertiesURL</res-ref-name>
				<res-type>java.net.URL</res-type>
				<res-auth>Container</res-auth>
				<res-sharing-scope>Shareable</res-sharing-scope>
			</resource-ref>
		</session>

		<session id="KomEventsRules">
			<ejb-name>KomEventsRules</ejb-name>
			<home>KomEventsRules.KomEventsRulesBEAN_HOME_INTF</home>
			<remote>KomEventsRules.KomEventsRulesBEAN_INTF</remote>
			<local-home>KomEventsRules.KomEventsRulesBEAN_LOCAL_HOME_INTF</local-home>
			<local>KomEventsRules.KomEventsRulesBEAN_LOCAL_INTF</local>
			<ejb-class>KomEventsRules.KomEventsRulesBEAN</ejb-class>
			<session-type>Stateless</session-type>
			<transaction-type>Container</transaction-type>
			<env-entry>
				<env-entry-name>mastercraft.ejb.enablePrint</env-entry-name>
				<env-entry-type>java.lang.String</env-entry-type>
				<env-entry-value>Y</env-entry-value>
			</env-entry>
			<env-entry>
				<env-entry-name>mastercraft.ejb.datadirectory</env-entry-name>
				<env-entry-type>java.lang.String</env-entry-type>
				<env-entry-value>DATA_DIR_XYZ</env-entry-value>
			</env-entry>
			<env-entry>
				<env-entry-name>mastercraft.ejb.ErrMsgFile</env-entry-name>
				<env-entry-type>java.lang.String</env-entry-type>
				<env-entry-value>DATA_DIR_XYZ/ShortErrorList</env-entry-value>
			</env-entry>
			<env-entry>
				<env-entry-name>MasterCraft.DBSchema</env-entry-name>
				<env-entry-type>java.lang.String</env-entry-type>
				<env-entry-value>SCHEMA_NAME_XYZ</env-entry-value>
			</env-entry>
			<ejb-local-ref id="EJBLocalRef_KomEventsRules_to_KomEvents">
				<ejb-ref-name>ejb/LocalKomEvents</ejb-ref-name>
				<ejb-ref-type>Session</ejb-ref-type>
				<local-home>KomEvents.KomEventsBEAN_LOCAL_HOME_INTF</local-home>
				<local>KomEvents.KomEventsBEAN_LOCAL_INTF</local>
				<ejb-link>KomEvents</ejb-link>
			</ejb-local-ref>
			<ejb-local-ref id="EJBLocalRef_KomEventsRules_to_KomEventsRef">
				<ejb-ref-name>ejb/LocalKomEventsRef</ejb-ref-name>
				<ejb-ref-type>Session</ejb-ref-type>
				<local-home>KomEventsRef.KomEventsRefBEAN_LOCAL_HOME_INTF</local-home>
				<local>KomEventsRef.KomEventsRefBEAN_LOCAL_INTF</local>
				<ejb-link>KomEventsRef</ejb-link>
			</ejb-local-ref>
			<resource-ref id="ResourceRef_KomEventsRules_to_CMSDataSource">
				<res-ref-name>jdbc/MCDataSource</res-ref-name>
				<res-type>javax.sql.DataSource</res-type>
				<res-auth>Container</res-auth>
			</resource-ref>
			<resource-ref id="ResourceRef_KomEventsRules_to_ConfigPropertiesURL">
				<description>
				</description>
				<res-ref-name>url/mcappkom/ConfigPropertiesURL</res-ref-name>
				<res-type>java.net.URL</res-type>
				<res-auth>Container</res-auth>
				<res-sharing-scope>Shareable</res-sharing-scope>
			</resource-ref>
		</session>

		<session id="KomSecurity">
			<ejb-name>KomSecurity</ejb-name>
			<home>KomSecurity.KomSecurityBEAN_HOME_INTF</home>
			<remote>KomSecurity.KomSecurityBEAN_INTF</remote>
			<local-home>KomSecurity.KomSecurityBEAN_LOCAL_HOME_INTF</local-home>
			<local>KomSecurity.KomSecurityBEAN_LOCAL_INTF</local>
			<ejb-class>KomSecurity.KomSecurityBEAN</ejb-class>
			<session-type>Stateless</session-type>
			<transaction-type>Container</transaction-type>
			<env-entry>
				<env-entry-name>mastercraft.ejb.enablePrint</env-entry-name>
				<env-entry-type>java.lang.String</env-entry-type>
				<env-entry-value>Y</env-entry-value>
			</env-entry>
			<env-entry>
				<env-entry-name>mastercraft.ejb.datadirectory</env-entry-name>
				<env-entry-type>java.lang.String</env-entry-type>
				<env-entry-value>DATA_DIR_XYZ</env-entry-value>
			</env-entry>
			<env-entry>
				<env-entry-name>mastercraft.ejb.ErrMsgFile</env-entry-name>
				<env-entry-type>java.lang.String</env-entry-type>
				<env-entry-value>DATA_DIR_XYZ/ShortErrorList</env-entry-value>
			</env-entry>
			<env-entry>
				<env-entry-name>MasterCraft.DBSchema</env-entry-name>
				<env-entry-type>java.lang.String</env-entry-type>
				<env-entry-value>SCHEMA_NAME_XYZ</env-entry-value>
			</env-entry>
			<ejb-local-ref id="EJBLocalRef_KomSecurity_to_KomEventsRef">
				<ejb-ref-name>ejb/LocalKomEventsRef</ejb-ref-name>
				<ejb-ref-type>Session</ejb-ref-type>
				<local-home>KomEventsRef.KomEventsRefBEAN_LOCAL_HOME_INTF</local-home>
				<local>KomEventsRef.KomEventsRefBEAN_LOCAL_INTF</local>
				<ejb-link>KomEventsRef</ejb-link>
			</ejb-local-ref>
			<resource-ref id="ResourceRef_KomSecurity_to_CMSDataSource">
				<res-ref-name>jdbc/MCDataSource</res-ref-name>
				<res-type>javax.sql.DataSource</res-type>
				<res-auth>Container</res-auth>
			</resource-ref>
			<resource-ref id="ResourceRef_KomSecurity_to_ConfigPropertiesURL">
				<description>
				</description>
				<res-ref-name>url/mcappkom/ConfigPropertiesURL</res-ref-name>
				<res-type>java.net.URL</res-type>
				<res-auth>Container</res-auth>
				<res-sharing-scope>Shareable</res-sharing-scope>
			</resource-ref>
		</session>
		<message-driven id="AgtRetroVatMDB">
			<ejb-name>AgtRetroVatMDB</ejb-name>
			<ejb-class>KomEventsMDB.AgtRetroVatMDBBean</ejb-class>
			<messaging-type>javax.jms.MessageListener</messaging-type>
			<transaction-type>Container</transaction-type>
			<env-entry>
				<description>
				</description>
				<env-entry-name>WebServiceProperties</env-entry-name>
				<env-entry-type>java.lang.String</env-entry-type>
				<env-entry-value>DATA_DIR_XYZ/WebServiceProperties.properties</env-entry-value>
			</env-entry>
			<ejb-ref id="EJBRef_AGTRetroVATMDB_to_KomEvents">
				<description>
				</description>
				<ejb-ref-name>ejb/KomEvents</ejb-ref-name>
				<ejb-ref-type>Session</ejb-ref-type>
				<home>KomEvents.KomEventsBEAN_HOME_INTF</home>
				<remote>KomEvents.KomEventsBEAN_INTF</remote>
				<ejb-link>KomEvents</ejb-link>
			</ejb-ref>
			<resource-ref id="ResourceRef_AGTRetroVATMDB_to_ConfigPropertiesURL">
				<description>
				</description>
				<res-ref-name>url/mcappkom/ConfigPropertiesURL</res-ref-name>
				<res-type>java.net.URL</res-type>
				<res-auth>Container</res-auth>
				<res-sharing-scope>Shareable</res-sharing-scope>
			</resource-ref>
		</message-driven>
		<message-driven id="KomEventsMDB">
			<ejb-name>KomEventsMDB</ejb-name>
			<ejb-class>KomEventsMDB.KomEventsMDBBean</ejb-class>
			<messaging-type>javax.jms.MessageListener</messaging-type>
			<transaction-type>Container</transaction-type>
			<env-entry>
				<description>
				</description>
				<env-entry-name>WebServiceProperties</env-entry-name>
				<env-entry-type>java.lang.String</env-entry-type>
				<env-entry-value>DATA_DIR_XYZ/WebServiceProperties.properties</env-entry-value>
			</env-entry>
			<ejb-ref id="EJBRef_KomEventMDB_to_KomEvents">
				<description>
				</description>
				<ejb-ref-name>ejb/KomEvents</ejb-ref-name>
				<ejb-ref-type>Session</ejb-ref-type>
				<home>KomEvents.KomEventsBEAN_HOME_INTF</home>
				<remote>KomEvents.KomEventsBEAN_INTF</remote>
				<ejb-link>KomEvents</ejb-link>
			</ejb-ref>
			<resource-ref id="ResourceRef_KOMEventsMDB_to_ConfigPropertiesURL">
				<description>
				</description>
				<res-ref-name>url/mcappkom/ConfigPropertiesURL</res-ref-name>
				<res-type>java.net.URL</res-type>
				<res-auth>Container</res-auth>
				<res-sharing-scope>Shareable</res-sharing-scope>
			</resource-ref>
		</message-driven>
	</enterprise-beans>

	<assembly-descriptor>
		<container-transaction>
			<method>
				<ejb-name>KomEvents</ejb-name>
				<method-name>*</method-name>
			</method>
			<method>
				<ejb-name>KomEventsRef</ejb-name>
				<method-name>*</method-name>
			</method>
			<method>
				<ejb-name>KomEventsRules</ejb-name>
				<method-name>*</method-name>
			</method>
			<method>
				<ejb-name>KomSecurity</ejb-name>
				<method-name>*</method-name>
			</method>
			<trans-attribute>Required</trans-attribute>
		</container-transaction>
		<container-transaction>
			<method>
				<ejb-name>KomEvents</ejb-name>
				<method-name>sh_handleRejectedEvents</method-name>
				<method-params>
					<method-param>com.tcs.mastercraft.mctype.ThreadSpecificContext</method-param>
					<method-param>KomEvents.PmoKomEventsProcessor</method-param>
					<method-param>KomEvents.MbsoKomEventsErrWaitStore</method-param>
					<method-param>com.tcs.mastercraft.mctype.MasterCraftVector</method-param>
				</method-params>
			</method>
			<trans-attribute>RequiresNew</trans-attribute>
		</container-transaction>
		<container-transaction>
			<method>
				<ejb-name>KomEvents</ejb-name>
				<method-name>sh_delegateEvent</method-name>
				<method-params>
					<method-param>com.tcs.mastercraft.mctype.ThreadSpecificContext</method-param>
					<method-param>KomEvents.PmoKomEventsProcessor</method-param>
					<method-param>KomEvents.MbsoKomEventsPolicyInfo</method-param>
					<method-param>KomEvents.MbsoKomEventsEventInfo</method-param>
					<method-param>KomEvents.MbsoKomEventsElmntInfo</method-param>
					<method-param>com.tcs.mastercraft.mctype.MasterCraftVector</method-param>
				</method-params>
			</method>
			<trans-attribute>RequiresNew</trans-attribute>
		</container-transaction>
			<container-transaction>
			<method>
				<ejb-name>KomEvents</ejb-name>
				<method-name>sh_delegateRetroEvent</method-name>
				<method-params>
					<method-param>com.tcs.mastercraft.mctype.ThreadSpecificContext</method-param>
					<method-param>KomEvents.MbsoKomEventsVATRetroInfo</method-param>
				</method-params>
			</method>
			<trans-attribute>RequiresNew</trans-attribute>
		</container-transaction>
		<container-transaction>
			<method>
				<ejb-name>KomEvents</ejb-name>
				<method-name>ejbTimeout</method-name>
			</method>
			<trans-attribute>NotSupported</trans-attribute>
		</container-transaction>
		<container-transaction>
			<method>
				<ejb-name>KomEventsRef</ejb-name>
				<method-name>ejbTimeout</method-name>
			</method>
			<trans-attribute>NotSupported</trans-attribute>
		</container-transaction>
		<container-transaction>
			<method>
				<ejb-name>KomEventsRules</ejb-name>
				<method-name>ejbTimeout</method-name>
			</method>
			<trans-attribute>NotSupported</trans-attribute>
		</container-transaction>
		<container-transaction>
			<method>
				<ejb-name>KomSecurity</ejb-name>
				<method-name>ejbTimeout</method-name>
			</method>
			<trans-attribute>NotSupported</trans-attribute>
		</container-transaction>
	</assembly-descriptor>
</ejb-jar>
